Type	1	2	3
low	0.9144543790846108	0.5993127483902354	0.5301478814972964
mid	0.900826148987216	0.5882658466914001	0.5196452153054677
high	0.8893459934408469	0.5783884850858945	0.5015792205920742
