Type	1	2	3
low	0.918111409975603	0.6094679107442934	0.5410131772335173
mid	0.9076106997996254	0.6080055939765637	0.5425143556477378
high	0.8980846399476293	0.6057581980734685	0.5316161289405477
