Type	1	2	3
low	0.9130511972278712	0.5946191167249678	0.5244271996545802
mid	0.8975530772587152	0.5796378299201855	0.5112249412707633
high	0.8867223686137299	0.5633071119781944	0.4856634405597272
