Type	0
poly-bal	0.3532242608951293
monosemous	0.4002248795377264
poly-rand	0.3653235156918889
poly-same	0.3847528360993985
