Type	0
low	0.3623638320651884
mid	0.348978967282647
high	0.33827250102374506
