Type	0
low	0.36825771534195295
mid	0.3583226047969452
high	0.3557922186714961
