Type	0
low	0.3816412446815705
mid	0.3807297462371799
high	0.3862432643732108
